Released_Year,Runtime,IMDB_Rating,Meta_score,No_of_Votes,Gross
1994,142,9.3,80.0,2343110,"28,341,469"
1972,175,9.2,100.0,1620367,"134,966,411"
2008,152,9.0,84.0,2303232,"534,858,444"
1974,202,9.0,90.0,1129952,"57,300,000"
1957,96,9.0,96.0,689845,"4,360,000"
2003,201,8.9,94.0,1642758,"377,845,905"
1994,154,8.9,94.0,1826188,"107,928,762"
1993,195,8.9,94.0,1213505,"96,898,818"
2010,148,8.8,74.0,2067042,"292,576,195"
1999,139,8.8,66.0,1854740,"37,030,102"
2001,178,8.8,92.0,1661481,"315,544,750"
1994,142,8.8,82.0,1809221,"330,252,182"
1966,161,8.8,90.0,688390,"6,100,000"
2002,179,8.7,87.0,1485555,"342,551,365"
1999,136,8.7,73.0,1676426,"171,479,930"
1990,146,8.7,90.0,1020727,"46,836,394"
1980,124,8.7,82.0,1159315,"290,475,067"
1975,133,8.7,83.0,918088,"112,000,000"
2020,160,8.6,90.0,55291,
2019,132,8.6,96.0,552778,"53,367,844"
2020,153,8.6,,54995,
2014,169,8.6,74.0,1512360,"188,020,017"
2002,130,8.6,79.0,699256,"7,563,397"
2001,125,8.6,96.0,651376,"10,055,859"
1998,169,8.6,91.0,1235804,"216,540,909"
1999,189,8.6,61.0,1147794,"136,801,374"
1997,116,8.6,59.0,623629,"57,598,247"
1995,127,8.6,65.0,1445096,"100,125,643"
1991,118,8.6,85.0,1270197,"130,742,922"
1977,121,8.6,90.0,1231473,"322,740,140"
1962,133,8.6,85.0,42004,
1954,207,8.6,98.0,315744,"269,061"
1946,130,8.6,89.0,405801,
2019,122,8.5,59.0,939252,"335,451,311"
2014,106,8.5,88.0,717585,"13,092,000"
2011,112,8.5,57.0,760360,"13,182,281"
2006,130,8.5,66.0,1190259,"53,089,891"
2006,151,8.5,85.0,1189773,"132,384,315"
2002,150,8.5,85.0,729603,"32,572,577"
2000,155,8.5,67.0,1341460,"187,705,427"
1998,119,8.5,62.0,1034705,"6,719,864"
1995,106,8.5,77.0,991208,"23,341,568"
1994,110,8.5,64.0,1035236,"19,501,238"
1994,88,8.5,88.0,942045,"422,783,777"
1991,137,8.5,75.0,995506,"204,843,350"
1988,155,8.5,80.0,230763,"11,990,401"
1988,89,8.5,94.0,235231,
1985,116,8.5,87.0,1058081,"210,609,762"
1968,165,8.5,80.0,302844,"5,321,508"
1960,109,8.5,97.0,604211,"32,000,000"
1942,102,8.5,100.0,522093,"1,024,560"
1936,87,8.5,96.0,217881,"163,245"
1931,87,8.5,99.0,167839,"19,181"
2018,126,8.4,75.0,62635,"1,661,096"
2017,125,8.4,,34112,
2017,147,8.4,,28401,
2016,106,8.4,79.0,194838,"5,017,246"
2016,161,8.4,,156479,"12,391,761"
2018,117,8.4,87.0,375110,"190,241,310"
2019,181,8.4,78.0,809955,"858,373,000"
2018,149,8.4,68.0,834477,"678,815,482"
2017,105,8.4,81.0,384171,"209,726,015"
2012,165,8.4,81.0,1357682,"162,805,434"
2012,164,8.4,78.0,1516346,"448,139,099"
2009,170,8.4,67.0,344445,"6,532,908"
2007,165,8.4,,168895,"1,223,869"
2008,98,8.4,95.0,999790,"223,808,164"
2006,137,8.4,89.0,358685,"11,286,112"
2003,101,8.4,77.0,515451,"707,481"
2000,113,8.4,80.0,1125712,"25,544,867"
1997,134,8.4,76.0,343171,"2,375,308"
1984,229,8.4,,311365,"5,321,508"
1981,115,8.4,85.0,884112,"248,159,971"
1980,146,8.4,66.0,898237,"44,017,374"
1979,147,8.4,94.0,606398,"83,471,511"
1979,117,8.4,89.0,787806,"78,900,000"
1971,122,8.4,,30273,
1963,143,8.4,,34357,
1964,95,8.4,97.0,450474,"275,902"
1957,116,8.4,,108862,"8,175,000"
1957,88,8.4,90.0,178092,
1954,112,8.4,100.0,444074,"36,764,313"
1950,110,8.4,,201632,
1940,125,8.4,,203150,"288,475"
2019,119,8.3,78.0,425844,"159,227,644"
2018,104,8.3,,27793,
2018,139,8.3,,71875,"1,373,943"
2013,160,8.3,,30722,
2012,115,8.3,77.0,281623,"687,185"
2011,123,8.3,95.0,220002,"7,098,492"
2010,131,8.3,80.0,150023,"6,857,096"
2019,132,8.3,,33935,
2005,112,8.3,,78925,
2009,153,8.3,69.0,1267869,"120,540,719"
2004,108,8.3,89.0,911664,"34,400,301"
2001,122,8.3,69.0,703810,"33,225,499"
2000,104,8.3,55.0,782001,"30,328,156"
2000,102,8.3,68.0,766870,"3,635,482"
1999,122,8.3,84.0,1069738,"130,096,601"
1997,126,8.3,70.0,861606,"138,433,435"
1997,89,8.3,77.0,65341,"933,933"
1995,81,8.3,95.0,887429,"191,796,233"
1995,178,8.3,68.0,959181,"75,600,000"
1992,99,8.3,79.0,918562,"2,832,029"
1987,116,8.3,76.0,675146,"46,357,676"
1985,142,8.3,,59056,
1986,137,8.3,84.0,652719,"85,160,248"
1984,160,8.3,88.0,369007,"51,973,029"
1983,170,8.3,65.0,740911,"45,598,982"
1983,131,8.3,58.0,950470,"309,125,409"
1981,149,8.3,86.0,231855,"11,487,676"
1976,114,8.3,94.0,724636,"28,262,574"
1973,129,8.3,83.0,241513,"159,600,000"
1971,136,8.3,77.0,757904,"6,207,725"
1968,149,8.3,84.0,603517,"56,954,992"
1965,132,8.3,74.0,232772,"15,000,000"
1962,228,8.3,100.0,268085,"44,824,144"
1960,125,8.3,94.0,164363,"18,600,000"
1959,136,8.3,98.0,299198,"13,275,000"
1958,128,8.3,100.0,364368,"3,200,000"
1952,103,8.3,99.0,218957,"8,819,028"
1952,143,8.3,,68463,"55,240"
1948,89,8.3,,146427,"332,930"
1944,107,8.3,95.0,143525,"5,720,000"
1941,119,8.3,100.0,403351,"1,585,634"
1931,117,8.3,,143434,"28,877"
1927,153,8.3,98.0,159992,"1,236,166"
1921,68,8.3,,113314,"5,450,000"
2019,143,8.2,,33893,"898,575"
2018,138,8.2,,43444,"4,186,168"
2018,156,8.2,,36680,
2018,130,8.2,69.0,377884,"85,080,171"
2017,115,8.2,88.0,432610,"54,513,740"
2015,132,8.2,,31142,"342,370"
2017,167,8.2,,75348,"20,186,659"
2019,96,8.2,65.0,104761,
2015,163,8.2,,70367,"739,478"
2013,146,8.2,,60701,"1,429,534"
2013,87,8.2,73.0,40382,"144,501"
2013,186,8.2,,61137,"1,626,289"
2012,321,8.2,89.0,82365,
2010,134,8.2,,42341,"7,461"
2012,135,8.2,,33237,"39,567"
2009,129,8.2,80.0,193217,"6,391,436"
2011,140,8.2,71.0,435950,"13,657,115"
2010,138,8.2,63.0,1129894,"128,012,934"
2009,96,8.2,88.0,935507,"293,004,164"
2013,180,8.2,75.0,1187498,"116,900,694"
2007,153,8.2,68.0,74129,"1,113,541"
2007,158,8.2,93.0,517359,"40,222,514"
2006,118,8.2,98.0,618623,"37,634,615"
2010,103,8.2,92.0,757032,"415,004,880"
2005,132,8.2,62.0,1032749,"70,511,035"
2006,167,8.2,,111937,"2,197,331"
2005,122,8.2,,33354,"733,094"
2005,140,8.2,70.0,1308302,"206,852,432"
2004,210,8.2,,83005,"1,223,240"
2004,156,8.2,82.0,331308,"5,509,040"
2004,119,8.2,80.0,333915,"4,711,096"
2001,135,8.2,72.0,848920,"170,742,341"
2000,156,8.2,,57057,
1998,107,8.2,66.0,535216,"3,897,569"
1997,138,8.2,90.0,531967,"64,616,940"
1996,128,8.2,,64118,
1995,170,8.2,76.0,577113,"67,436,818"
1995,178,8.2,73.0,466276,"42,438,300"
1994,160,8.2,,49300,
1992,130,8.2,85.0,375935,"101,157,447"
1989,127,8.2,65.0,692366,"197,171,806"
1988,142,8.2,,26402,"280,015"
1988,86,8.2,86.0,291180,"1,105,564"
1988,132,8.2,72.0,793164,"83,008,852"
1985,162,8.2,96.0,112505,"4,135,750"
1980,129,8.2,89.0,321860,"23,383,987"
1979,162,8.2,,116945,"234,723"
1978,99,8.2,,26875,
1976,177,8.2,,43885,
1975,204,8.2,,51284,
1975,91,8.2,91.0,500875,"1,229,197"
1963,172,8.2,86.0,224730,"12,100,000"
1962,129,8.2,88.0,293811,
1961,110,8.2,,111244,
1961,179,8.2,60.0,69458,
1959,121,8.2,98.0,243943,"25,000,000"
1957,91,8.2,88.0,96381,
1957,96,8.2,88.0,164939,
1955,118,8.2,97.0,28810,"57,226"
1954,105,8.2,75.0,158335,"12,562"
1953,136,8.2,,53153,
1950,88,8.2,98.0,152572,"96,568"
1950,138,8.2,98.0,120539,"10,177"
1948,126,8.2,98.0,114304,"5,014,000"
1942,99,8.2,86.0,29915,
1925,95,8.2,,101053,"5,450,000"
1924,45,8.2,,41985,"977,375"
2019,122,8.1,95.0,63134,"3,759,854"
2016,136,8.1,,39216,"1,241,223"
2016,130,8.1,78.0,47708,
2016,106,8.1,,141516,
2016,145,8.1,84.0,113649,"2,006,788"
2014,139,8.1,74.0,50700,"3,492,754"
2014,160,8.1,,50445,"901,610"
2017,137,8.1,77.0,647884,"226,277,068"
2015,118,8.1,86.0,371538,"14,677,674"
2014,122,8.1,77.0,177059,"3,107,072"
2020,100,8.1,83.0,159171,
2014,196,8.1,88.0,46547,"165,520"
2014,153,8.1,,163061,"10,616,104"
2012,125,8.1,,51739,"923,221"
2014,99,8.1,88.0,707630,"59,100,318"
2014,149,8.1,79.0,859695,"167,767,189"
2012,117,8.1,71.0,38803,
2016,139,8.1,71.0,435928,"67,209,615"
2015,95,8.1,94.0,616228,"356,461,711"
2012,151,8.1,,75721,"2,804,874"
2013,134,8.1,96.0,640533,"56,671,993"
2013,123,8.1,74.0,432811,"26,947,624"
2019,152,8.1,81.0,291289,"117,624,028"
2015,129,8.1,93.0,420316,"45,055,776"
2014,93,8.1,85.0,51679,"857,524"
2012,122,8.1,,57806,"1,035,953"
2011,155,8.1,,67927,"3,108,485"
2013,153,8.1,70.0,601149,"61,002,302"
2015,120,8.1,90.0,882316,"154,058,340"
2008,104,8.1,,73891,
2008,116,8.1,72.0,720450,"148,095,302"
2011,130,8.1,85.0,764493,"381,011,219"
2008,130,8.1,68.0,48582,"1,498,210"
2009,93,8.1,,253575,
2009,92,8.1,,164462,
2010,98,8.1,75.0,666773,"217,581,231"
2007,148,8.1,73.0,572921,"18,354,356"
2007,122,8.1,91.0,856916,"74,283,625"
2006,144,8.1,,43137,"2,217,561"
2004,132,8.1,86.0,635975,"100,492,203"
2004,121,8.1,79.0,334320,"23,530,892"
2004,140,8.1,64.0,37820,"1,111,061"
2004,80,8.1,90.0,236311,"5,820,649"
2003,156,8.1,,73992,
2003,131,8.1,82.0,139558,"14,131"
2001,183,8.1,,66803,"300,000"
2003,111,8.1,69.0,1000639,"70,099,045"
2003,100,8.1,90.0,949565,"380,843,261"
2002,141,8.1,75.0,832846,"164,615,351"
2000,154,8.1,83.0,223741,"5,383,834"
2001,92,8.1,79.0,815505,"289,916,256"
1997,87,8.1,,38847,
2001,224,8.1,84.0,105036,"70,147"
1999,107,8.1,64.0,911573,"293,506,292"
1998,169,8.1,58.0,59020,"259,127"
1998,103,8.1,90.0,939631,"125,618,201"
1998,127,8.1,73.0,50862,"348,660"
1998,117,8.1,71.0,732620,"17,498,804"
2000,98,8.1,85.0,124383,"2,734,044"
1996,93,8.1,83.0,634716,"16,501,785"
1996,98,8.1,85.0,617444,"24,611,975"
1995,170,8.1,,55220,"171,082"
1995,98,8.1,,150345,"309,811"
1995,189,8.1,,63516,
1995,101,8.1,77.0,272291,"5,535,405"
1994,99,8.1,100.0,90729,"4,043,686"
1994,102,8.1,77.0,63122,"600,200"
1993,127,8.1,68.0,867615,"402,453,882"
1993,133,8.1,84.0,156842,"25,010,410"
1993,171,8.1,,25088,"5,216,888"
1991,125,8.1,,29662,"2,603,061"
1989,128,8.1,79.0,425457,"95,860,116"
1986,89,8.1,75.0,363401,"52,287,414"
1986,120,8.1,92.0,381222,"138,530,565"
1984,145,8.1,78.0,91188,"2,181,987"
1984,117,8.1,86.0,150924,"495,770"
1982,109,8.1,57.0,371271,"13,782,838"
1982,95,8.1,47.0,76081,"22,244,207"
1982,158,8.1,,31595,
1982,188,8.1,100.0,57784,"4,971,340"
1982,117,8.1,84.0,693827,"32,868,943"
1980,124,8.1,78.0,220078,
1979,94,8.1,77.0,367250,"20,045,115"
1978,183,8.1,86.0,311361,"48,979,328"
1976,120,8.1,70.0,518546,"117,235,247"
1976,121,8.1,83.0,144911,
1975,185,8.1,89.0,149843,
1975,107,8.1,,40081,"177,345"
1974,130,8.1,92.0,294230,"29,000,000"
1973,102,8.1,77.0,42285,"30,933,743"
1972,91,8.1,,30206,"1,742,348"
1972,167,8.1,90.0,81021,
1967,105,8.1,,45434,"39,481"
1967,127,8.1,92.0,161984,"16,217,773"
1966,85,8.1,86.0,103191,
1966,205,8.1,,46947,"102,021"
1966,121,8.1,96.0,53089,"55,908"
1962,95,8.1,,29682,
1962,134,8.1,75.0,50058,"4,050,000"
1962,96,8.1,,33044,
1962,123,8.1,94.0,68827,
1962,95,8.1,,31728,
1960,89,8.1,,26697,"1,526,000"
1960,128,8.1,75.0,27254,
1959,99,8.1,,105291,
1959,212,8.1,90.0,219466,"74,700,000"
1958,139,8.1,,34797,
1957,110,8.1,,42940,"752,045"
1957,110,8.1,,46678,
1957,161,8.1,87.0,203463,"44,908,000"
1954,108,8.1,91.0,142107,"9,600,000"
1953,131,8.1,85.0,54588,
1951,111,8.1,72.0,31568,"3,969,893"
1949,114,8.1,,29807,
1949,104,8.1,97.0,158731,"449,191"
1948,135,8.1,,30935,"10,900,000"
1940,99,8.1,96.0,28450,"203,300"
1940,130,8.1,86.0,123942,"4,360,000"
1939,129,8.1,73.0,107017,"9,600,000"
1939,238,8.1,97.0,290074,"198,676,459"
1937,113,8.1,,33829,"172,885"
1934,105,8.1,87.0,94016,"4,360,000"
1928,110,8.1,,47676,"21,877"
1928,72,8.1,90.0,30205,
1927,94,8.1,,46865,"539,540"
1926,67,8.1,,81156,"1,033,895"
1920,76,8.1,,57428,
2018,124,8.0,,27978,
2019,113,8.0,69.0,37556,
2016,130,8.0,,52897,
2015,163,8.0,,72245,"8,178,001"
2015,159,8.0,,52848,
2016,128,8.0,94.0,505918,"151,101,803"
2016,118,8.0,69.0,213970,"51,739,495"
2015,144,8.0,80.0,760094,"228,433,663"
2016,108,8.0,78.0,434143,"341,268,248"
2015,159,8.0,,102972,"6,738,000"
2013,137,8.0,89.0,38746,"1,506,975"
2017,113,8.0,66.0,141923,"132,422,809"
2019,154,8.0,65.0,31886,"5,566,534"
2013,144,8.0,,51069,"1,079,369"
2013,96,8.0,82.0,81770,"1,010,414"
2014,150,8.0,71.0,114316,"2,625,803"
2014,114,8.0,73.0,685201,"91,125,683"
2014,121,8.0,76.0,1043455,"333,176,600"
2017,164,8.0,81.0,461823,"92,054,159"
2013,126,8.0,90.0,540772,"25,568,251"
2018,134,8.0,49.0,450349,"216,428,042"
2015,156,8.0,76.0,705589,"183,637,894"
2012,103,8.0,67.0,462252,"17,738,570"
2010,115,8.0,71.0,79200,"100,119"
2010,118,8.0,88.0,639603,"138,797,449"
2011,146,8.0,62.0,428521,"169,708,112"
2016,108,8.0,65.0,902669,"363,070,709"
2009,119,8.0,87.0,45803,"106,662"
2009,144,8.0,,28749,"10,950"
2008,106,8.0,59.0,211427,
2010,165,8.0,50.0,98575,"4,018,695"
2009,128,8.0,,31838,
2008,120,8.0,84.0,798882,"141,319,928"
2010,108,8.0,79.0,699673,"106,954,678"
2007,115,8.0,33.0,98097,"8,060"
2012,143,8.0,69.0,1260806,"623,279,547"
2007,96,8.0,90.0,88656,"4,445,756"
2013,117,8.0,80.0,441614,"27,298,285"
2006,117,8.0,64.0,448930,"163,566,459"
2006,143,8.0,64.0,499439,"57,366,262"
2007,115,8.0,85.0,604694,"227,471,070"
2004,88,8.0,72.0,50610,"238,507"
2005,124,8.0,74.0,738512,"74,103,820"
2007,112,8.0,92.0,103284,"5,990,075"
2004,127,8.0,,56960,
2007,111,8.0,96.0,641645,"206,445,654"
2006,144,8.0,80.0,582239,"167,445,960"
2004,137,8.0,83.0,683900,"66,208,183"
2003,110,8.0,82.0,42399,"502,028"
2003,103,8.0,85.0,77520,"2,380,788"
2014,126,8.0,74.0,77554,"2,086,345"
2005,144,8.0,69.0,176151,"61,649,911"
2003,186,8.0,54.0,63460,"1,787,378"
2002,101,8.0,75.0,117857,"169,659"
2003,143,8.0,63.0,1015122,"305,413,918"
2003,125,8.0,58.0,415218,"66,257,002"
2004,115,8.0,90.0,657047,"261,441,092"
2001,137,8.0,,45403,
2003,178,8.0,60.0,137963,"1,530,386"
2001,110,8.0,,33592,
2001,113,8.0,88.0,740086,"1,480,006"
1999,188,8.0,77.0,289742,"22,455,976"
2000,140,8.0,61.0,102285,"4,184,036"
1999,112,8.0,86.0,82002,"6,203,044"
1997,81,8.0,,58192,"776,665"
1998,105,8.0,82.0,78341,"1,647,780"
1998,110,8.0,80.0,36419,"5,595,428"
1999,86,8.0,85.0,172083,"23,159,305"
1997,87,8.0,,27721,"3,296"
1996,135,8.0,84.0,86838,"24,475,416"
1996,136,8.0,91.0,37564,"13,417,292"
1995,129,8.0,74.0,578443,"57,141,459"
1995,83,8.0,76.0,129231,"515,905"
1993,76,8.0,82.0,300208,"75,082,668"
1993,101,8.0,72.0,577991,"70,906,973"
1993,180,8.0,47.0,28825,"4,496,583"
1992,156,8.0,59.0,263918,"63,895,607"
1992,90,8.0,86.0,373845,"217,350,219"
1991,189,8.0,72.0,142110,"70,405,498"
1991,84,8.0,95.0,417178,"218,967,620"
1990,181,8.0,72.0,240266,"184,208,848"
1989,120,8.0,93.0,89429,"27,545,445"
1988,133,8.0,65.0,473064,"178,800,000"
1988,124,8.0,,164918,"553,171"
1987,98,8.0,77.0,393899,"30,857,814"
1987,128,8.0,79.0,64722,"3,333,969"
1987,104,8.0,88.0,31163,"4,542,825"
1986,125,8.0,78.0,150140,
1984,107,8.0,84.0,799795,"38,400,000"
1982,191,8.0,79.0,217664,"52,767,889"
1980,180,8.0,84.0,32195,
1979,130,8.0,83.0,65625,"30,177,511"
1977,93,8.0,92.0,251823,"39,200,000"
1975,124,8.0,87.0,543388,"260,000,000"
1975,125,8.0,86.0,235652,"50,000,000"
1974,106,8.0,80.0,143359,"86,300,000"
1973,151,8.0,58.0,121627,"53,267,000"
1973,122,8.0,81.0,362393,"232,906,145"
1972,138,8.0,,44748,"4,081,254"
1971,118,8.0,93.0,42456,"29,133,000"
1971,181,8.0,67.0,39491,"80,500,000"
1970,113,8.0,100.0,27067,"541,940"
1969,110,8.0,66.0,201888,"102,308,889"
1968,137,8.0,96.0,193674,
1968,112,8.0,79.0,165167,"33,395,426"
1967,106,8.0,83.0,253676,"104,945,305"
1966,131,8.0,75.0,68926,
1965,172,8.0,63.0,205425,"163,214,286"
1965,197,8.0,69.0,69903,"111,722,000"
1964,99,8.0,65.0,198219,"14,500,000"
1963,138,8.0,91.0,108844,"50,690"
1962,80,8.0,,28057,
1961,134,8.0,90.0,75067,"8,284,000"
1960,174,8.0,95.0,66621,"19,516,000"
1959,141,8.0,93.0,56305,"12,535,000"
1959,161,8.0,95.0,59847,"11,900,000"
1958,95,8.0,99.0,98431,"2,237,659"
1958,108,8.0,84.0,45062,"17,570,324"
1957,96,8.0,100.0,28137,
1956,84,8.0,91.0,81702,
1955,92,8.0,99.0,81980,"654,000"
1954,108,8.0,,58314,
1955,117,8.0,,61503,
1953,120,8.0,84.0,51046,
1953,118,8.0,78.0,127256,
1951,122,8.0,97.0,99182,"8,000,000"
1950,94,8.0,,26784,
1949,106,8.0,,34485,
1948,80,8.0,73.0,129783,
1947,97,8.0,,32784,
1945,86,8.0,92.0,35601,
1944,88,8.0,,42725,"4,360,000"
1946,170,8.0,93.0,57259,"23,650,000"
1942,118,8.0,,65101,
1941,100,8.0,96.0,148928,"2,108,060"
1940,129,8.0,96.0,85559,"55,000"
1939,102,8.0,92.0,371379,"2,076,020"
1939,110,8.0,,26725,
1934,91,8.0,86.0,26642,
1930,152,8.0,91.0,57318,"3,270,000"
1925,75,8.0,97.0,53054,"50,970"
2019,130,7.9,82.0,454203,"165,359,751"
2020,101,7.9,,111478,
2018,121,7.9,93.0,62754,"3,313,513"
2019,137,7.9,94.0,246644,"2,000,000"
2017,132,7.9,93.0,212651,"18,095,701"
2016,100,7.9,78.0,53818,"258,168"
2018,101,7.9,82.0,139114,"32,015,231"
2016,101,7.9,81.0,111483,"5,202,582"
2016,118,7.9,72.0,189400,"5,875,006"
2016,106,7.9,79.0,85109,"3,237,118"
2017,130,7.9,74.0,587775,"315,058,289"
2014,117,7.9,76.0,466134,"32,381,218"
2019,108,7.9,58.0,297918,"349,555"
2016,116,7.9,81.0,594181,"100,546,139"
2015,138,7.9,80.0,860823,"936,662,225"
2013,109,7.9,94.0,141457,"8,114,627"
2014,132,7.9,75.0,659763,"233,921,534"
2011,157,7.9,82.0,41995,"138,730"
2011,100,7.9,89.0,230624,"44,671,682"
2014,113,7.9,71.0,600004,"100,206,256"
2012,127,7.9,94.0,93090,"6,739,492"
2019,209,7.9,94.0,324720,"7,000,000"
2009,155,7.9,90.0,93560,"2,084,637"
2009,97,7.9,67.0,335152,"5,009,677"
2008,114,7.9,82.0,205609,"2,122,065"
2009,112,7.9,81.0,638202,"115,646,235"
2008,109,7.9,80.0,289415,"26,236,603"
2007,138,7.9,,47720,"410,800"
2014,165,7.9,100.0,335533,"25,379,975"
2007,113,7.9,97.0,56625,"1,185,783"
2009,127,7.9,82.0,577336,"257,730,019"
2008,107,7.9,67.0,390334,"7,757,130"
2007,87,7.9,,174125,
2006,141,7.9,89.0,154011,"13,756,082"
2006,117,7.9,64.0,107290,"2,280,348"
2012,127,7.9,79.0,580708,"124,987,023"
2009,87,7.9,83.0,199696,"21,002,919"
2005,129,7.9,81.0,31476,
2004,97,7.9,56.0,57430,"3,635,164"
2008,126,7.9,79.0,939644,"318,412,101"
2004,99,7.9,76.0,512249,"13,542,874"
2004,121,7.9,78.0,51325,
2003,138,7.9,84.0,419420,"90,135,191"
2004,142,7.9,82.0,552493,"249,358,727"
2002,120,7.9,85.0,173999,"53,710,019"
2002,112,7.9,86.0,104691,"9,284,265"
2001,98,7.9,84.0,44618,"1,059,830"
2001,115,7.9,61.0,42897,"1,000,045"
2002,119,7.9,68.0,508771,"121,661,683"
2000,114,7.9,80.0,49721,"1,221,261"
2006,109,7.9,84.0,465113,"35,552,383"
2000,122,7.9,90.0,252586,"32,534,850"
2001,147,7.9,85.0,322031,"7,220,243"
1999,92,7.9,88.0,527512,"245,852,179"
1997,155,7.9,85.0,239473,"26,400,640"
1995,111,7.9,75.0,51943,
1994,102,7.9,77.0,31590,"2,201,126"
1993,119,7.9,59.0,206918,"12,281,500"
1993,94,7.9,85.0,89836,"1,324,974"
1993,94,7.9,,34529,
1993,144,7.9,65.0,201000,"36,948,322"
1990,105,7.9,74.0,447368,"56,362,352"
1989,103,7.9,97.0,68076,"14,743,391"
1989,104,7.9,77.0,54670,"18,254,702"
1987,119,7.9,79.0,281842,"76,270,454"
1986,107,7.9,90.0,67176,"40,084,041"
1985,132,7.9,84.0,187567,"9,929,135"
1984,82,7.9,92.0,128812,"188,751"
1983,93,7.9,77.0,132947,"20,605,209"
1980,133,7.9,60.0,183182,"57,229,890"
1979,96,7.9,83.0,131436,"45,700,000"
1979,123,7.9,72.0,28223,"37,823,676"
1978,127,7.9,71.0,111512,"5,100,000"
1976,138,7.9,84.0,103031,"70,600,000"
1973,114,7.9,76.0,37183,"61,001"
1973,123,7.9,,39897,
1972,102,7.9,93.0,38737,"198,809"
1972,95,7.9,,52397,
1971,91,7.9,62.0,70826,
1970,172,7.9,91.0,93741,"61,700,000"
1969,145,7.9,97.0,77401,"12,064,472"
1968,96,7.9,89.0,116557,"89,029"
1968,134,7.9,,29003,"22,276,975"
1967,110,7.9,75.0,67804,"24,379,978"
1963,113,7.9,83.0,68689,"13,474,588"
1962,126,7.9,94.0,71122,
1960,197,7.9,87.0,124339,"30,000,000"
1960,144,7.9,,26542,
1959,90,7.9,,28421,"88,300"
1956,220,7.9,,63560,"93,740,000"
1956,119,7.9,94.0,80316,
1955,118,7.9,72.0,40313,
1952,85,7.9,89.0,97222,"9,450,000"
1951,101,7.9,88.0,123341,"7,630,000"
1950,104,7.9,,52573,
1947,96,7.9,88.0,41625,"2,650,000"
1946,102,7.9,100.0,92306,"10,464,000"
1946,114,7.9,,78796,"6,540,000"
1945,101,7.9,,33549,"9,460,000"
1940,112,7.9,96.0,63550,
1940,92,7.9,,53667,"296,000"
1938,102,7.9,97.0,47175,"3,981,000"
1935,96,7.9,,30580,"2,537,520"
1933,100,7.9,90.0,78991,"10,000,000"
1932,64,7.9,80.0,42117,
1922,94,7.9,,88794,
2019,113,7.8,51.0,237392,
2018,138,7.8,,25344,
2019,120,7.8,81.0,27187,
2016,124,7.8,85.0,51240,"2,402,067"
2017,106,7.8,94.0,555092,"188,373,161"
2016,96,7.8,,57168,
2016,127,7.8,74.0,200876,"169,607,287"
2017,103,7.8,88.0,61594,"40,442,052"
2016,148,7.8,,27175,
2016,101,7.8,84.0,118035,"48,023,088"
2016,184,7.8,,40416,"1,782,795"
2016,137,7.8,96.0,246963,"47,695,120"
2015,100,7.8,75.0,35539,"435,266"
2016,133,7.8,65.0,556608,"532,177,324"
2016,147,7.8,75.0,663649,"408,084,349"
2015,168,7.8,68.0,517059,"54,117,416"
2019,135,7.8,91.0,143250,"108,101,214"
2017,94,7.8,62.0,50778,"6,735,118"
2014,119,7.8,79.0,51841,
2013,130,7.8,85.0,45002,"1,330,596"
2013,141,7.8,86.0,81125,"2,852,400"
2013,104,7.8,76.0,50523,"4,231,500"
2012,126,7.8,,39710,"169,209"
2014,102,7.8,74.0,410983,"222,527,828"
2013,123,7.8,55.0,303032,"15,322,921"
2012,134,7.8,,33618,"1,670,773"
2013,126,7.8,83.0,73690,"5,209,580"
2019,100,7.8,84.0,203177,"434,038,008"
2013,131,7.8,49.0,108399,"85,433"
2012,94,7.8,84.0,318789,"45,512,466"
2014,102,7.8,76.0,305611,"177,002,924"
2015,130,7.8,81.0,362942,"70,259,870"
2010,106,7.8,,35713,
2010,144,7.8,67.0,111252,"128,392"
2011,158,7.8,71.0,423010,"102,515,793"
2013,134,7.8,82.0,421244,"107,100,855"
2010,119,7.8,,62848,"6,460"
2015,147,7.8,72.0,179264,"161,197,785"
2009,129,7.8,79.0,52758,"547,292"
2008,125,7.8,64.0,58468,
2013,161,7.8,66.0,601408,"258,366,855"
2009,144,7.8,82.0,68715,"2,222,647"
2009,152,7.8,76.0,208994,"10,095,170"
2020,129,7.8,77.0,89896,
2020,117,7.8,81.0,33931,
2010,116,7.8,79.0,340584,"93,617,009"
2008,90,7.8,51.0,564791,"145,000,989"
2008,94,7.8,55.0,190748,"9,030,581"
2007,86,7.8,88.0,110656,"9,439,923"
2012,169,7.8,58.0,757377,"303,003,568"
2007,122,7.8,85.0,30827,"741,283"
2007,123,7.8,85.0,251370,"50,927,067"
2011,100,7.8,78.0,571571,"35,061,555"
2007,157,7.8,76.0,392449,"130,164,645"
2009,162,7.8,83.0,1118998,"760,507,625"
2009,141,7.8,63.0,216421,"3,600"
2006,139,7.8,68.0,291018,"50,866,635"
2006,101,7.8,80.0,439856,"59,891,098"
2007,121,7.8,81.0,463466,"23,637,265"
2008,166,7.8,70.0,589160,"127,509,326"
2004,192,7.8,67.0,49050,"2,921,738"
2005,94,7.8,51.0,45717,"1,305"
2005,129,7.8,82.0,258924,"38,405,088"
2005,127,7.8,68.0,51980,"5,128,124"
2003,90,7.8,73.0,31658,"128,985"
2005,119,7.8,74.0,283310,"25,514,517"
2005,136,7.8,72.0,234207,"119,519,402"
2003,113,7.8,61.0,35682,"15,280"
2004,123,7.8,53.0,520284,"81,001,787"
2004,126,7.8,75.0,96703,"16,756,372"
2002,109,7.8,82.0,42673,"181,655"
2003,80,7.8,91.0,50622,"7,002,255"
2000,110,7.8,58.0,26518,
2002,131,7.8,61.0,129022,"54,234,062"
2001,99,7.8,83.0,60684,"2,892,011"
2000,113,7.8,48.0,198089,"115,654,751"
2000,120,7.8,94.0,253228,"128,078,872"
1999,101,7.8,87.0,89058,"8,264,530"
2000,143,7.8,73.0,524235,"233,632,142"
1999,108,7.8,44.0,227143,"25,812"
1999,157,7.8,84.0,159886,"28,965,197"
1999,108,7.8,71.0,82855,"32,481,825"
2001,90,7.8,84.0,613941,"267,665,011"
1997,194,7.8,75.0,1046089,"659,325,379"
1997,103,7.8,,27712,"233,986"
1997,106,7.8,64.0,280845,"12,339,633"
1997,129,7.8,61.0,345096,"48,323,648"
1996,159,7.8,76.0,62428,"4,040,691"
1994,127,7.8,70.0,164937,"5,887,457"
1993,118,7.8,73.0,215034,"9,170,214"
1993,130,7.8,50.0,126871,"56,505,065"
1993,101,7.8,55.0,78963,"32,416,586"
1993,134,7.8,84.0,66065,"22,954,968"
1993,132,7.8,84.0,34635,"1,769,305"
1993,130,7.8,87.0,267684,"183,875,760"
1993,121,7.8,80.0,128171,"17,266,971"
1993,76,7.8,,43690,"5,617,391"
1992,128,7.8,,46700,
1991,129,7.8,68.0,55362,"2,015,810"
1991,98,7.8,86.0,42376,"1,999,955"
1991,112,7.8,76.0,126082,"57,504,069"
1990,107,7.8,75.0,184740,"61,276,872"
1990,121,7.8,74.0,125276,"52,096,475"
1989,103,7.8,83.0,124193,
1989,122,7.8,78.0,122779,"26,830,000"
1989,111,7.8,82.0,45624,
1989,108,7.8,57.0,481918,"118,500,000"
1988,128,7.8,65.0,88214,"34,603,943"
1987,107,7.8,45.0,371387,"59,735,548"
1987,84,7.8,72.0,148359,"5,923,044"
1986,103,7.8,61.0,321382,"70,136,369"
1986,107,7.8,75.0,47834,"1,436,000"
1985,114,7.8,62.0,244430,"61,503,218"
1985,154,7.8,78.0,78321,"98,467,863"
1985,97,7.8,66.0,357026,"45,875,171"
1984,141,7.8,76.0,51585,"34,700,291"
1984,105,7.8,71.0,355413,"238,632,124"
1983,193,7.8,91.0,56235,"21,500,000"
1982,109,7.8,73.0,88511,"2,500,000"
1982,115,7.8,91.0,372490,"435,110,554"
1979,105,7.8,77.0,133351,"106,260,000"
1978,94,7.8,93.0,52852,
1976,135,7.8,69.0,65659,"31,800,000"
1975,129,7.8,91.0,44917,
1974,113,7.8,85.0,98611,"4,420,000"
1973,72,7.8,73.0,25229,"193,817"
1973,143,7.8,80.0,37445,"16,056,255"
1973,94,7.8,93.0,66009,
1972,124,7.8,80.0,48334,"42,765,000"
1971,100,7.8,67.0,178731,"4,000,000"
1969,113,7.8,79.0,101124,"44,785,053"
1967,108,7.8,81.0,27733,"17,550,741"
1967,108,7.8,63.0,39642,"56,700,000"
1967,111,7.8,86.0,102415,
1964,170,7.8,95.0,86525,"72,000,000"
1964,139,7.8,88.0,158029,"102,272,727"
1962,178,7.8,75.0,52141,"39,100,000"
1962,105,7.8,97.0,37605,
1961,100,7.8,88.0,27007,"2,616,000"
1960,90,7.8,,73251,"336,705"
1948,133,7.8,,28167,
1948,100,7.8,,36995,
1944,100,7.8,,31053,
1943,108,7.8,94.0,59556,
1939,96,7.8,93.0,43621,
1938,96,7.8,98.0,47400,
1938,102,7.8,91.0,55163,
1935,75,7.8,95.0,43542,"4,360,000"
1933,69,7.8,93.0,55581,
1932,93,7.8,87.0,25312,
1931,70,7.8,91.0,65341,
2018,135,7.7,96.0,140375,
2017,104,7.7,85.0,25198,"335,609"
2018,119,7.7,66.0,478586,"324,591,735"
2017,107,7.7,73.0,205444,"33,800,859"
2017,104,7.7,85.0,492851,"176,040,665"
2018,147,7.7,86.0,291257,"220,159,104"
2015,116,7.7,70.0,47444,"3,358,518"
2014,86,7.7,76.0,157498,"3,333,000"
2014,103,7.7,72.0,32798,"765,127"
2014,123,7.7,72.0,404182,"35,893,537"
2014,129,7.7,60.0,590440,"128,261,724"
2014,126,7.7,69.0,344312,"124,872,350"
2015,105,7.7,74.0,123210,"6,743,776"
2014,119,7.7,87.0,580291,"42,340,598"
2013,180,7.7,89.0,138741,"2,199,675"
2013,130,7.7,40.0,32628,"1,122,527"
2012,111,7.7,70.0,39379,"175,058"
2014,136,7.7,70.0,736182,"259,766,572"
2011,159,7.7,,39501,"985,912"
2013,115,7.7,87.0,112298,"17,654,912"
2012,101,7.7,72.0,380195,"189,422,889"
2015,108,7.7,70.0,56720,"1,339,152"
2011,98,7.7,52.0,77071,"71,177"
2011,96,7.7,81.0,388089,"56,816,662"
2014,100,7.7,83.0,323982,"257,760,692"
2013,91,7.7,96.0,769145,"274,092,705"
2013,132,7.7,72.0,463188,"228,778,661"
2015,137,7.7,79.0,73964,"83,861"
2010,120,7.7,95.0,624982,"96,962,694"
2011,131,7.7,65.0,645512,"146,408,305"
2009,100,7.7,73.0,717559,"277,322,503"
2012,143,7.7,81.0,630614,"304,360,277"
2012,122,7.7,81.0,661871,"132,092,958"
2012,120,7.7,86.0,572581,"136,025,503"
2009,95,7.7,76.0,472242,"32,391,374"
2010,146,7.7,65.0,479120,"295,983,305"
2008,101,7.7,86.0,125317,"15,090,400"
2008,122,7.7,80.0,103330,"18,593,156"
2006,90,7.7,81.0,71379,"881,302"
2008,141,7.7,63.0,239203,"35,739,802"
2010,90,7.7,45.0,81446,"1,752,214"
2006,98,7.7,,60368,
2006,126,7.7,,28630,
2006,101,7.7,86.0,115576,"327,919"
2014,108,7.7,78.0,474141,"25,442,958"
2006,120,7.7,78.0,32001,"412,544"
2006,123,7.7,74.0,175355,"17,605,861"
2007,157,7.7,78.0,466080,"33,080,084"
2006,110,7.7,53.0,299524,"22,494,487"
2005,116,7.7,70.0,28003,"1,054,361"
2007,122,7.7,78.0,61609,"871,577"
2010,100,7.7,71.0,405922,"200,821,936"
2006,145,7.7,71.0,72643,"4,398,392"
2005,134,7.7,87.0,323103,"83,043,761"
2007,122,7.7,76.0,288797,"53,606,916"
2004,112,7.7,66.0,419483,"54,580,300"
2004,99,7.7,78.0,127250,"17,108,591"
2004,108,7.7,73.0,434841,"176,241,941"
2004,101,7.7,61.0,358432,"1,082,715"
2004,152,7.7,73.0,138356,"75,331,600"
2003,102,7.7,89.0,415074,"44,585,453"
2005,157,7.7,81.0,548619,"290,013,036"
2004,146,7.7,47.0,329592,"77,911,774"
2009,100,7.7,80.0,197761,"75,286,229"
2003,154,7.7,55.0,400049,"111,110,575"
2002,114,7.7,83.0,25938,"4,890,878"
2003,121,7.7,68.0,137981,"4,064,200"
2002,105,7.7,76.0,40403,"15,539,266"
2001,132,7.7,28.0,142863,"40,311,852"
2002,115,7.7,83.0,178565,"22,245,861"
2001,144,7.7,74.0,364254,"108,638,745"
2002,117,7.7,72.0,246840,"104,454,762"
2001,120,7.7,60.0,90842,"141,072"
2000,110,7.7,74.0,126770,"21,995,263"
2001,95,7.7,85.0,31957,"3,029,081"
2001,116,7.7,74.0,516372,"183,417,150"
2000,103,7.7,62.0,29210,"151,086"
2000,107,7.7,69.0,286742,"45,512,588"
2002,116,7.7,,29999,
1999,81,7.7,73.0,192112,"52,037,603"
1999,89,7.7,68.0,241575,"10,824,921"
1998,134,7.7,81.0,66408,"2,807,390"
2001,122,7.7,69.0,390247,"76,631,907"
1998,93,7.7,86.0,169229,"17,105,219"
1997,119,7.7,,64082,"368,234"
1999,113,7.7,90.0,312542,"22,858,926"
1997,139,7.7,67.0,275755,"148,478,011"
1997,126,7.7,52.0,434125,"63,540,020"
1998,80,7.7,73.0,37424,"4,065,116"
1997,127,7.7,76.0,279318,"41,909,762"
1996,105,7.7,87.0,51350,"35,811,509"
1996,129,7.7,47.0,189716,"56,116,183"
1996,242,7.7,,35991,"4,414,535"
1995,97,7.7,83.0,32236,"10,019,307"
1995,99,7.7,71.0,26429,
1994,108,7.7,81.0,33600,"21,848,932"
1994,92,7.7,70.0,211450,"3,151,130"
1993,188,7.7,79.0,42275,"6,110,979"
1993,125,7.7,66.0,224169,"77,324,422"
1992,85,7.7,64.0,50298,"27,281,507"
1992,202,7.7,73.0,85819,"48,169,908"
1992,112,7.7,76.0,150409,"75,505,856"
1992,94,7.7,83.0,77798,
1992,100,7.7,82.0,95826,"10,725,228"
1992,138,7.7,62.0,235388,"141,340,178"
1991,130,7.7,64.0,66941,"82,418,501"
1991,116,7.7,69.0,113240,"6,153,939"
1990,115,7.7,66.0,125822,"5,080,409"
1988,104,7.7,83.0,182009,"156,452,370"
1988,107,7.7,,33982,
1987,107,7.7,84.0,40396,"1,544,889"
1987,163,7.7,76.0,94326,"43,984,230"
1987,153,7.7,62.0,115677,"22,238,696"
1986,130,7.7,54.0,102031,"7,153,487"
1986,120,7.7,76.0,181285,"8,551,228"
1985,82,7.7,75.0,47102,"10,631,333"
1985,97,7.7,90.0,59635,"10,600,000"
1983,79,7.7,,39881,"11,798,616"
1982,129,7.7,77.0,36096,"54,000,000"
1982,113,7.7,67.0,112704,"78,912,963"
1982,93,7.7,61.0,226541,"47,212,904"
1980,124,7.7,86.0,47099,"54,800,000"
1980,88,7.7,78.0,214882,"83,400,000"
1979,100,7.7,71.0,27014,
1978,91,7.7,87.0,233106,"47,000,000"
1976,126,7.7,71.0,39889,"1,924,733"
1975,85,7.7,89.0,36037,
1974,104,7.7,68.0,26729,
1974,93,7.7,73.0,125993,"119,500,000"
1973,130,7.7,87.0,109941,"29,800,000"
1973,102,7.7,83.0,96561,"25,000,000"
1972,109,7.7,80.0,98740,"7,056,013"
1971,104,7.7,94.0,110075,"15,630,710"
1971,102,7.7,90.0,143292,"35,900,000"
1968,158,7.7,63.0,51913,
1968,105,7.7,86.0,31572,"44,527,234"
1967,150,7.7,73.0,67183,"45,300,000"
1967,100,7.7,,40274,"26,331"
1966,120,7.7,72.0,31222,"28,350,000"
1965,105,7.7,91.0,48883,
1964,138,7.7,77.0,35999,
1964,110,7.7,87.0,174119,"51,081,062"
1963,119,7.7,90.0,171739,"11,403,529"
1962,106,7.7,76.0,26457,
1960,101,7.7,,31354,"83,957"
1960,128,7.7,74.0,87719,"4,905,000"
1960,90,7.7,90.0,27620,"52,709"
1956,80,7.7,92.0,44839,
1955,111,7.7,89.0,83363,
1955,91,7.7,91.0,26464,
1954,113,7.7,72.0,59415,
1952,129,7.7,,34677,"10,550,000"
1951,92,7.7,,76315,
1951,105,7.7,91.0,71481,"536,118"
1946,110,7.7,,27991,
1940,125,7.7,96.0,88662,"76,408,097"
1933,71,7.7,87.0,30683,
2019,126,7.6,73.0,60408,
2018,102,7.6,71.0,140840,"26,020,957"
2019,161,7.6,83.0,551309,"142,502,728"
2017,127,7.6,86.0,29765,"566,356"
2017,111,7.6,92.0,95181,"5,904,366"
2019,137,7.6,68.0,46739,
2017,101,7.6,60.0,99643,"24,801,212"
2019,97,7.6,70.0,66346,"13,122,642"
2015,138,7.6,77.0,52903,
2015,97,7.6,83.0,35785,"845,464"
2017,136,7.6,67.0,569974,"389,813,101"
2017,113,7.6,86.0,439406,"107,825,862"
2017,134,7.6,72.0,58371,"18,340,051"
2015,142,7.6,81.0,287659,"72,313,754"
2018,118,7.6,80.0,250057,"608,581,744"
2016,107,7.6,81.0,272784,"248,757,044"
2015,121,7.6,82.0,371291,"46,889,293"
2015,133,7.6,82.0,247666,"109,767,581"
2014,140,7.6,92.0,49397,"1,092,800"
2016,102,7.6,88.0,204175,"26,862,450"
2013,98,7.6,77.0,94212,"37,707,719"
2014,130,7.6,79.0,411599,"208,545,589"
2012,112,7.6,,57549,
2011,101,7.6,73.0,190531,"4,105,123"
2012,109,7.6,68.0,228132,"41,003,371"
2010,94,7.6,80.0,80939,"19,202,743"
2018,136,7.6,88.0,334312,"215,288,866"
2010,110,7.6,80.0,311822,"171,243,005"
2010,118,7.6,65.0,38491,"1,008,098"
2010,95,7.6,72.0,500851,"251,513,985"
2011,100,7.6,72.0,315426,"35,014,192"
2010,117,7.6,66.0,524081,"48,071,303"
2009,113,7.6,,63882,
2011,133,7.6,87.0,369529,"75,605,492"
2011,120,7.6,70.0,138959,"3,185,812"
2009,88,7.6,73.0,520041,"75,590,286"
2008,107,7.6,,102742,
2009,128,7.6,57.0,583158,"209,028,679"
2009,129,7.6,53.0,293266,"255,959,475"
2007,104,7.6,79.0,41544,"9,422,422"
2008,123,7.6,36.0,286770,"69,951,824"
2007,100,7.6,82.0,227760,"17,114,882"
2007,127,7.6,66.0,255036,"38,634,938"
2009,71,7.6,81.0,31779,"686,383"
2006,129,7.6,76.0,339757,"88,513,495"
2007,114,7.6,72.0,250590,"20,300,218"
2007,140,7.6,66.0,82781,"10,301,706"
2006,104,7.6,70.0,72863,"24,633,730"
2006,110,7.6,68.0,354728,"39,868,642"
2004,90,7.6,52.0,49728,"6,013"
2009,153,7.6,78.0,474827,"301,959,197"
2006,117,7.6,52.0,732876,"210,614,939"
2005,124,7.6,72.0,206294,"23,089,926"
2009,162,7.6,56.0,500799,"107,509,799"
2005,122,7.6,62.0,294140,"24,149,632"
2004,103,7.6,46.0,379020,"56,000,369"
2008,124,7.6,67.0,83158,"3,081,925"
2004,105,7.6,73.0,65939,"697,181"
2003,93,7.6,45.0,67360,"548,707"
2004,133,7.6,76.0,70925,"6,167,817"
2003,89,7.6,81.0,67370,"5,739,376"
2003,124,7.6,70.0,224545,"16,290,476"
2002,129,7.6,56.0,62659,"45,289"
2004,106,7.6,67.0,198677,"51,680,613"
2002,135,7.6,68.0,169708,"13,060,843"
2004,113,7.6,30.0,451479,"57,938,693"
2002,113,7.6,73.0,376853,"45,064,915"
2000,114,7.6,81.0,169091,
2001,110,7.6,76.0,266842,"52,364,010"
2001,106,7.6,88.0,115827,"13,622,333"
2001,152,7.6,64.0,658185,"317,575,550"
2001,101,7.6,74.0,337651,"96,522,687"
2001,124,7.6,52.0,240714,"52,990,775"
2001,131,7.6,53.0,243729,"51,401,758"
2002,145,7.6,80.0,508417,"132,072,926"
1999,146,7.6,74.0,91557,"50,668,906"
2000,101,7.6,64.0,490062,"15,070,285"
1998,81,7.6,77.0,188317,"7,267,585"
1998,170,7.6,78.0,172710,"36,400,491"
1998,88,7.6,71.0,256906,"120,620,254"
1998,118,7.6,41.0,259753,"10,680,275"
1997,108,7.6,69.0,65058,
1998,100,7.6,66.0,187927,"14,378,331"
1996,147,7.6,49.0,186734,"49,100,000"
1997,134,7.6,52.0,131101,"3,796,699"
1995,136,7.6,84.0,102598,"43,182,776"
1995,128,7.6,58.0,364420,"100,012,499"
1995,121,7.6,62.0,90442,"1,037,847"
1995,135,7.6,69.0,73172,"71,516,617"
PG,140,7.6,77.0,269197,"173,837,933"
1994,92,7.6,88.0,64390,"1,464,625"
1993,113,7.6,56.0,171640,"40,903,593"
1993,102,7.6,78.0,165465,"7,993,039"
1992,120,7.6,68.0,107325,"52,929,168"
1991,118,7.6,90.0,27071,"453,243"
1991,99,7.6,66.0,80487,"1,794,187"
1990,103,7.6,63.0,488817,"285,761,243"
1990,162,7.6,60.0,359809,"66,666,062"
1989,95,7.6,76.0,195663,"92,823,600"
1989,83,7.6,88.0,237696,"111,543,479"
1988,85,7.6,76.0,152871,"78,756,177"
1987,93,7.6,72.0,124773,"49,530,280"
1987,109,7.6,68.0,236894,"65,207,127"
1984,99,7.6,82.0,87745,"2,150,000"
1981,109,7.6,68.0,27650,"119,285,432"
1981,96,7.6,77.0,166588,"12,465,371"
1979,92,7.6,65.0,93878,"22,490,039"
1979,95,7.6,74.0,32802,"76,657,000"
1979,112,7.6,76.0,121731,"43,000,000"
1978,91,7.6,64.0,33656,
1978,121,7.6,59.0,73662,"35,000,000"
1977,138,7.6,90.0,184966,"132,088,635"
1973,112,7.6,87.0,26337,"959,000"
1971,157,7.6,77.0,30144,"696,690"
1970,144,7.6,50.0,45338,"1,378,435"
1967,78,7.6,65.0,166409,"141,843,612"
1966,111,7.6,82.0,56513,
1964,87,7.6,96.0,40351,"13,780,024"
1961,115,7.6,76.0,166544,
1956,201,7.6,84.0,34075,
1953,118,7.6,85.0,43374,"30,500,000"
1944,97,7.6,78.0,26471,
1935,86,7.6,93.0,51853,
